{
  "Cereals": 2.2001235035771165,
  "Chocolate": 13.203986261648627,
  "Butter": 41.16633688332599,
  "Sugar": 35.292521869556936,
  "Nuts": 46.0729635181587,
  "Salt": 56.085382420859105,
  "Vanilla": 101.32037007428369,
  "Eggs": 83.01084441536912,
  "Cinnamon": 91.66797663894619,
  "Cream": 101.27094355583233,
  "Jam": 104.79964916947425,
  "White chocolate": 116.59355811515489,
  "Honey": 126.19170858910556,
  "Cookies": 141.01382219798893,
  "Recipes": 182.87156814703496,
  "Subsidiaries": 157.96647268434424,
  "Publicists": 170.5873218020924,
  "%1": 177.948904346939
}